0,PH2,1,IMD058.bmp,8.96,91.55,11.94,10.02,12.93,97.47,34.93,2609.0,0.01,0.35,2.86,1.69,317.0,0.67,2.0,2.0,6.0,9.36,58.08,666.0,914.72,10.53,0,0,3.72,1.91
1,PH2,1,IMD061.bmp,17.25,84.62,8.59,36.18,61.51,98.16,29.98,3370.0,0.01,0.3,3.34,1.83,249.0,0.55,3.0,3.0,7.0,10.14,69.69,954.0,1141.27,12.53,1,1,1.43,10.81
2,PH2,1,IMD063.bmp,3.81,90.99,15.03,18.2,20.05,18.03,70.61,1656.0,0.01,0.71,1.42,1.19,228.0,0.95,4.0,3.0,6.0,9.68,60.94,604.0,604.38,8.23,0,0,1.8,0.37
3,PH2,1,IMD064.bmp,0.48,87.8,11.94,22.39,40.53,98.8,50.96,2790.0,0.01,0.51,1.96,1.4,168.0,0.65,3.0,3.0,5.0,9.14,61.08,956.0,942.93,9.27,0,1,4.08,0.97
4,PH2,1,IMD065.bmp,2.93,80.92,16.71,24.72,29.54,99.7,42.76,2588.0,0.01,0.43,2.34,1.53,297.0,0.67,1.0,2.0,6.0,9.37,60.12,792.0,916.61,7.47,0,0,5.14,13.96
5,PH2,1,IMD080.bmp,8.26,86.14,16.72,31.85,47.54,100.0,36.47,2984.0,0.01,0.36,2.74,1.66,286.0,0.6,2.0,3.0,6.0,9.27,58.35,840.0,1030.0,13.09,0,0,3.86,4.45
6,PH2,1,IMD085.bmp,26.12,80.7,23.26,30.8,43.98,100.0,15.9,3390.0,0.02,0.16,6.29,2.51,377.0,0.54,2.0,3.0,6.0,9.23,59.58,750.0,1168.99,4.93,0,1,1.36,3.3
7,PH2,1,IMD088.bmp,6.3,90.62,10.52,12.51,12.93,100.0,37.48,2052.0,0.01,0.38,2.67,1.63,283.0,0.79,3.0,3.0,6.0,9.81,62.7,576.0,749.16,7.33,0,0,2.61,0.19
8,PH2,1,IMD090.bmp,13.36,90.54,12.58,24.47,38.61,98.37,24.31,3538.0,0.01,0.24,4.11,2.03,396.0,0.52,3.0,2.0,6.0,9.5,61.1,876.0,1234.3,9.27,0,0,1.93,8.06
9,PH2,1,IMD091.bmp,1.24,97.52,3.94,5.27,11.16,99.58,76.32,1939.0,0.01,0.77,1.31,1.14,281.0,0.84,2.0,3.0,6.0,8.98,59.86,692.0,699.08,9.62,0,0,2.48,6.51
10,PH2,1,IMD168.bmp,2.65,94.6,14.97,13.23,18.16,12.76,66.68,1397.0,0.01,0.67,1.5,1.22,240.0,1.1,2.0,3.0,5.0,10.21,72.5,482.0,507.04,5.03,0,0,0.85,2.05
11,PH2,1,IMD211.bmp,2.88,93.68,8.92,9.64,25.55,6.59,77.13,1292.0,0.01,0.78,1.3,1.14,187.0,1.15,2.0,2.0,5.0,9.82,68.29,538.0,483.25,4.54,0,0,1.83,13.48
12,PH2,1,IMD219.bmp,5.92,92.83,14.21,25.65,35.64,100.0,30.74,3129.0,0.01,0.31,3.25,1.8,333.0,0.57,4.0,3.0,6.0,9.79,64.55,858.0,1092.37,12.24,0,1,1.9,1.99
13,PH2,1,IMD240.bmp,16.98,78.52,14.86,32.71,47.28,31.82,28.35,2509.0,0.02,0.28,3.53,1.88,315.0,0.68,2.0,2.0,5.0,9.14,59.94,754.0,897.92,8.09,0,0,2.55,29.1
14,PH2,1,IMD242.bmp,2.73,91.48,8.93,14.92,18.51,9.74,45.4,1618.0,0.01,0.46,2.2,1.48,244.0,0.97,3.0,2.0,6.0,9.55,65.2,474.0,593.08,5.56,0,1,3.71,0.74
15,PH2,1,IMD284.bmp,3.3,83.96,4.84,16.41,26.11,99.59,40.83,2816.0,0.01,0.41,2.45,1.56,330.0,0.63,3.0,4.0,6.0,9.07,58.89,804.0,976.26,11.44,1,1,1.12,0.59
16,PH2,1,IMD285.bmp,0.76,94.72,4.56,5.31,10.56,5.49,78.61,1560.0,0.01,0.79,1.27,1.13,263.0,0.99,2.0,2.0,4.0,9.39,62.11,578.0,572.24,6.6,0,0,0.09,0.0
17,PH2,1,IMD348.bmp,9.0,89.76,15.86,23.57,36.78,94.54,34.4,3285.0,0.01,0.34,2.91,1.7,242.0,0.56,2.0,3.0,6.0,9.27,58.48,956.0,1114.87,10.03,0,1,6.11,1.62
18,PH2,1,IMD349.bmp,4.08,90.9,11.04,13.3,15.67,95.9,39.07,2428.0,0.01,0.39,2.56,1.6,299.0,0.71,3.0,3.0,5.0,9.95,67.59,646.0,853.81,9.42,0,0,2.75,0.0
19,PH2,1,IMD403.bmp,11.54,85.75,14.69,13.91,13.3,100.0,36.5,2523.0,0.01,0.37,2.74,1.66,363.0,0.68,2.0,2.0,5.0,8.68,57.61,680.0,900.53,8.12,0,1,5.31,0.0
20,PH2,1,IMD404.bmp,19.86,85.61,22.74,31.85,47.89,99.81,16.87,3686.0,0.02,0.17,5.93,2.43,447.0,0.5,4.0,2.0,6.0,9.49,63.56,796.0,1290.9,5.83,0,0,3.38,0.57
21,PH2,1,IMD405.bmp,2.58,94.5,5.64,9.46,14.01,8.02,74.91,980.0,0.01,0.75,1.34,1.16,149.0,1.46,4.0,2.0,3.0,9.75,70.62,362.0,360.99,2.73,0,1,0.57,18.42
22,PH2,1,IMD406.bmp,2.88,92.41,9.32,13.88,17.2,10.94,62.01,1507.0,0.01,0.62,1.61,1.27,248.0,1.03,3.0,2.0,6.0,10.09,69.51,510.0,549.18,6.53,0,0,2.61,8.1
23,PH2,1,IMD407.bmp,7.68,80.28,12.86,21.14,26.97,17.1,47.13,1643.0,0.01,0.47,2.12,1.46,236.0,0.96,4.0,4.0,6.0,10.61,69.19,566.0,593.52,4.68,0,1,1.88,1.81
24,PH2,1,IMD408.bmp,1.32,99.21,6.39,14.23,25.44,14.29,53.67,2569.0,0.01,0.54,1.86,1.36,274.0,0.68,4.0,5.0,4.0,9.46,62.87,802.0,892.76,11.58,1,1,2.64,0.02
25,PH2,1,IMD409.bmp,0.59,95.88,16.59,21.65,22.88,21.65,34.78,2907.0,0.01,0.35,2.87,1.7,223.0,0.62,3.0,4.0,5.0,10.23,71.25,766.0,988.75,6.94,1,1,2.21,12.03
26,PH2,1,IMD410.bmp,14.75,82.04,6.4,26.7,26.78,100.0,22.17,3221.0,0.02,0.22,4.51,2.12,373.0,0.56,2.0,2.0,5.0,9.16,61.31,732.0,1112.16,10.22,0,1,0.47,2.51
27,PH2,1,IMD411.bmp,5.35,89.61,15.62,24.12,38.48,99.87,49.68,2154.0,0.01,0.5,2.01,1.42,278.0,0.79,2.0,3.0,4.0,7.2,54.4,672.0,743.65,6.71,0,1,4.99,0.15
28,PH2,1,IMD413.bmp,16.27,87.63,9.98,23.08,34.77,98.42,21.66,3789.0,0.01,0.22,4.62,2.15,447.0,0.49,1.0,3.0,5.0,8.46,58.41,880.0,1311.95,11.21,0,0,3.97,0.33
29,PH2,1,IMD417.bmp,13.7,91.63,7.52,18.17,23.52,99.83,17.22,4118.0,0.02,0.17,5.81,2.41,475.0,0.46,3.0,2.0,7.0,9.13,59.38,836.0,1429.73,8.18,0,1,1.17,4.94
30,PH2,1,IMD418.bmp,10.0,93.91,7.84,18.0,24.93,99.58,31.04,3104.0,0.01,0.31,3.22,1.79,251.0,0.58,3.0,3.0,6.0,9.44,64.71,790.0,1066.35,9.81,0,1,4.48,1.36
31,PH2,1,IMD419.bmp,2.89,86.46,7.06,15.44,26.9,15.44,55.21,2618.0,0.01,0.55,1.81,1.35,219.0,0.67,2.0,2.0,5.0,8.07,54.68,862.0,907.96,11.79,0,0,4.29,0.3
32,PH2,1,IMD420.bmp,3.61,92.6,6.8,19.41,20.5,19.5,48.94,1955.0,0.01,0.49,2.04,1.43,263.0,0.84,4.0,4.0,3.0,9.8,64.73,616.0,697.58,8.17,0,1,1.16,0.06
33,PH2,1,IMD421.bmp,5.86,90.4,7.42,21.24,32.33,21.24,35.24,2793.0,0.01,0.35,2.84,1.68,307.0,0.63,4.0,5.0,4.0,9.29,62.66,814.0,985.95,4.75,1,1,0.12,0.01
34,PH2,1,IMD423.bmp,2.66,82.45,7.26,17.83,34.89,100.0,71.46,2046.0,0.01,0.72,1.4,1.18,154.0,0.82,4.0,4.0,4.0,9.48,62.89,756.0,717.71,9.51,0,1,3.05,0.42
35,PH2,1,IMD424.bmp,6.14,90.48,8.92,19.88,17.64,16.93,30.36,1962.0,0.02,0.3,3.29,1.81,282.0,0.83,2.0,3.0,5.0,10.17,66.87,484.0,707.32,6.08,0,1,2.93,3.33
36,PH2,1,IMD425.bmp,2.77,91.38,4.32,13.2,18.8,100.0,52.73,1630.0,0.01,0.53,1.9,1.38,229.0,0.97,4.0,2.0,4.0,10.3,66.55,560.0,585.56,5.96,0,1,0.88,1.57
37,PH2,1,IMD426.bmp,10.59,90.72,8.15,28.96,31.47,100.0,32.26,2729.0,0.01,0.32,3.1,1.76,277.0,0.64,2.0,2.0,5.0,9.46,60.24,722.0,952.66,11.24,0,1,0.27,2.53
38,PH2,1,IMD429.bmp,1.66,91.76,5.3,7.46,16.47,7.7,75.72,1034.0,0.01,0.76,1.32,1.15,148.0,1.41,3.0,3.0,6.0,10.3,71.18,388.0,377.92,2.35,0,0,2.15,1.68
39,PH2,1,IMD435.bmp,17.6,84.59,7.69,27.78,28.04,100.0,21.7,3252.0,0.02,0.22,4.61,2.15,401.0,0.55,4.0,5.0,4.0,9.43,63.25,780.0,1151.17,7.23,0,1,0.8,0.8
40,PH2,0,IMD002.bmp,2.15,92.16,6.43,11.71,11.11,11.38,73.02,1297.0,0.01,0.73,1.37,1.17,204.0,1.17,3.0,2.0,4.0,9.83,67.82,468.0,472.31,4.04,0,0,2.65,0.0
41,PH2,0,IMD003.bmp,2.68,89.55,4.9,5.35,9.04,5.23,75.16,866.0,0.02,0.75,1.33,1.15,117.0,1.64,2.0,2.0,2.0,10.04,64.82,310.0,314.16,3.39,0,1,3.21,0.04
42,PH2,0,IMD004.bmp,2.04,94.27,6.06,8.4,8.37,8.42,77.12,1118.0,0.01,0.78,1.3,1.14,158.0,1.33,2.0,3.0,5.0,10.22,67.17,396.0,407.55,3.89,0,1,2.0,0.27
43,PH2,0,IMD006.bmp,5.19,80.82,8.09,13.12,13.75,12.94,47.96,1152.0,0.02,0.48,2.09,1.44,177.0,1.31,5.0,2.0,4.0,9.14,57.12,364.0,410.99,1.78,0,0,0.11,0.0
44,PH2,0,IMD008.bmp,4.37,97.07,5.48,10.94,11.54,10.76,63.3,871.0,0.02,0.64,1.58,1.26,132.0,1.63,3.0,2.0,2.0,9.55,61.77,288.0,315.09,1.54,0,1,0.96,0.0
45,PH2,0,IMD009.bmp,1.21,97.97,12.02,5.73,5.83,5.63,70.67,938.0,0.02,0.71,1.42,1.19,153.0,1.54,4.0,2.0,2.0,9.68,64.6,310.0,338.39,2.62,0,1,0.31,0.0
46,PH2,0,IMD010.bmp,1.35,95.41,3.52,5.64,8.24,5.47,83.05,871.0,0.02,0.84,1.2,1.1,151.0,1.64,3.0,0.0,2.0,7.26,46.87,314.0,312.98,1.98,0,1,0.07,0.0
47,PH2,0,IMD013.bmp,3.36,99.3,4.29,8.23,10.6,8.17,70.72,1132.0,0.01,0.71,1.41,1.19,170.0,1.29,4.0,2.0,4.0,9.19,56.01,400.0,420.71,7.87,0,0,0.0,0.0
48,PH2,0,IMD014.bmp,1.69,95.48,5.63,9.76,16.54,100.0,64.96,2059.0,0.01,0.65,1.54,1.24,310.0,0.81,2.0,1.0,3.0,9.43,56.68,676.0,724.36,11.85,0,0,0.05,0.0
49,PH2,0,IMD015.bmp,1.45,95.36,3.96,6.63,4.9,5.24,80.82,1207.0,0.01,0.81,1.24,1.11,166.0,1.24,1.0,1.0,2.0,10.01,60.54,464.0,441.82,5.37,0,1,3.02,28.06
50,PH2,0,IMD016.bmp,1.8,94.72,5.53,6.7,11.0,6.03,80.58,1018.0,0.01,0.81,1.24,1.11,175.0,1.42,4.0,1.0,4.0,9.87,66.4,386.0,374.41,4.91,1,1,4.12,0.0
51,PH2,0,IMD017.bmp,0.65,95.82,11.36,10.95,12.28,9.84,84.54,1494.0,0.01,0.85,1.18,1.09,238.0,1.03,1.0,2.0,5.0,9.86,67.74,544.0,551.76,7.49,0,0,3.47,0.0
52,PH2,0,IMD018.bmp,1.74,92.74,5.15,4.97,4.05,3.83,78.88,741.0,0.02,0.8,1.27,1.13,104.0,1.83,2.0,3.0,4.0,10.05,69.37,314.0,275.29,2.84,0,1,0.78,0.0
53,PH2,0,IMD019.bmp,1.5,95.68,4.66,6.13,8.2,4.75,87.24,710.0,0.02,0.88,1.15,1.07,86.0,1.92,2.0,3.0,4.0,10.43,69.66,270.0,260.54,3.18,0,1,2.91,0.03
54,PH2,0,IMD020.bmp,0.95,92.97,2.83,3.22,4.86,2.31,84.16,815.0,0.02,0.85,1.19,1.09,122.0,1.69,2.0,3.0,4.0,9.94,64.14,318.0,301.75,2.0,0,1,3.1,0.83
55,PH2,0,IMD021.bmp,1.02,96.61,11.58,7.17,12.68,7.89,84.25,893.0,0.01,0.85,1.19,1.09,152.0,1.58,2.0,2.0,6.0,9.9,65.03,354.0,329.21,2.47,0,0,3.96,2.31
56,PH2,0,IMD022.bmp,1.9,95.01,4.74,6.24,6.72,5.41,65.66,1306.0,0.01,0.66,1.52,1.23,206.0,1.16,2.0,0.0,2.0,9.78,64.71,448.0,477.15,6.52,0,0,1.38,0.0
57,PH2,0,IMD023.bmp,1.9,94.87,5.02,12.2,15.43,99.15,40.11,2726.0,0.01,0.4,2.49,1.58,326.0,0.64,5.0,1.0,3.0,8.25,58.0,716.0,956.31,9.73,1,0,0.08,0.0
58,PH2,0,IMD024.bmp,1.33,97.31,4.11,4.07,12.6,3.73,78.3,714.0,0.02,0.79,1.28,1.13,118.0,1.92,3.0,2.0,2.0,10.3,67.03,306.0,261.03,0.71,0,0,1.02,0.0
59,PH2,0,IMD025.bmp,1.29,89.38,8.16,5.77,4.34,3.55,78.2,1024.0,0.01,0.79,1.28,1.13,141.0,1.41,2.0,2.0,4.0,9.94,65.27,412.0,377.63,3.92,0,0,2.3,0.0
60,PH2,0,IMD027.bmp,2.01,92.4,4.83,8.24,13.75,7.73,80.72,1197.0,0.01,0.81,1.24,1.11,181.0,1.24,5.0,1.0,4.0,10.15,66.75,476.0,438.11,3.46,1,1,0.82,0.0
61,PH2,0,IMD030.bmp,1.68,95.88,6.67,11.77,10.68,8.78,66.43,1699.0,0.01,0.67,1.51,1.23,248.0,0.92,2.0,2.0,4.0,9.56,64.09,582.0,627.17,6.79,0,0,0.12,0.0
62,PH2,0,IMD031.bmp,0.51,94.13,4.43,8.49,14.74,8.69,82.22,1911.0,0.01,0.82,1.22,1.1,232.0,0.86,3.0,2.0,5.0,8.79,57.47,688.0,679.09,9.18,0,0,2.31,1.9
63,PH2,0,IMD032.bmp,1.89,96.18,7.89,15.39,20.53,100.0,51.61,2066.0,0.01,0.52,1.94,1.39,299.0,0.81,2.0,3.0,4.0,8.59,58.04,584.0,733.57,8.86,0,1,0.22,0.0
64,PH2,0,IMD033.bmp,2.75,84.75,5.71,11.48,10.33,10.72,68.38,1349.0,0.01,0.69,1.46,1.21,232.0,1.14,3.0,3.0,6.0,10.42,67.48,542.0,490.71,4.07,1,0,0.53,5.05
65,PH2,0,IMD035.bmp,40.4,74.48,1.08,35.04,68.04,97.6,15.55,3325.0,0.02,0.16,6.43,2.54,336.0,0.55,6.0,4.0,7.0,9.31,59.14,818.0,1142.1,8.22,1,1,0.01,0.67
66,PH2,0,IMD036.bmp,1.06,98.83,5.47,5.01,5.36,5.08,74.98,1591.0,0.01,0.75,1.33,1.15,279.0,0.99,3.0,1.0,3.0,8.99,58.52,540.0,578.55,8.44,0,1,2.89,0.0
67,PH2,0,IMD037.bmp,9.46,91.73,4.4,14.18,17.59,15.37,64.7,747.0,0.02,0.65,1.55,1.24,111.0,1.84,3.0,1.0,1.0,9.77,68.81,274.0,272.19,2.4,1,1,0.67,0.0
68,PH2,0,IMD038.bmp,2.0,93.14,4.29,7.25,6.37,5.31,78.83,819.0,0.02,0.79,1.27,1.13,124.0,1.68,4.0,2.0,3.0,10.13,70.05,326.0,306.71,1.54,1,0,3.89,0.01
69,PH2,0,IMD039.bmp,0.93,97.8,5.37,3.39,5.95,3.53,85.61,690.0,0.02,0.86,1.17,1.08,111.0,1.96,2.0,3.0,4.0,10.44,68.35,256.0,252.07,1.61,0,1,1.28,0.0
70,PH2,0,IMD040.bmp,1.02,90.37,3.74,3.83,8.71,3.57,82.6,791.0,0.02,0.84,1.21,1.1,119.0,1.75,3.0,1.0,2.0,10.44,70.09,294.0,289.89,1.24,0,0,2.55,0.0
71,PH2,0,IMD041.bmp,0.91,100.0,3.51,5.58,6.93,5.14,77.2,1203.0,0.01,0.77,1.3,1.14,193.0,1.25,2.0,3.0,4.0,10.28,67.89,408.0,434.22,4.37,0,0,1.73,0.0
72,PH2,0,IMD042.bmp,0.98,94.95,13.17,11.83,13.69,11.05,78.42,1248.0,0.01,0.79,1.28,1.13,181.0,1.2,3.0,3.0,4.0,10.32,69.79,442.0,457.11,4.29,0,0,2.09,0.0
73,PH2,0,IMD043.bmp,6.86,94.54,13.04,16.05,21.48,16.46,54.58,1228.0,0.02,0.55,1.83,1.35,219.0,1.22,3.0,3.0,6.0,10.23,70.13,414.0,445.73,5.14,0,0,1.96,0.02
74,PH2,0,IMD044.bmp,3.08,94.61,6.92,7.66,20.44,7.35,55.73,1869.0,0.01,0.56,1.79,1.34,306.0,0.86,5.0,2.0,4.0,8.93,59.23,670.0,680.49,8.69,0,0,5.1,0.01
75,PH2,0,IMD045.bmp,2.96,93.15,11.04,13.53,23.06,10.82,71.52,778.0,0.02,0.72,1.4,1.18,122.0,1.8,3.0,2.0,4.0,8.65,51.97,292.0,280.08,1.39,0,0,0.0,0.0
76,PH2,0,IMD047.bmp,2.74,98.06,8.19,8.89,8.6,8.54,69.18,1258.0,0.01,0.69,1.45,1.2,160.0,1.19,4.0,2.0,4.0,9.77,64.12,460.0,458.97,4.02,0,0,3.35,0.0
77,PH2,0,IMD048.bmp,2.83,96.14,7.15,7.09,13.37,5.99,59.46,1141.0,0.02,0.6,1.68,1.3,201.0,1.32,2.0,1.0,2.0,8.87,58.98,376.0,406.57,1.65,0,0,1.28,0.0
78,PH2,0,IMD049.bmp,2.5,92.43,4.18,6.69,12.33,4.69,76.77,998.0,0.01,0.77,1.3,1.14,133.0,1.42,2.0,2.0,7.0,10.17,67.42,402.0,375.69,5.27,0,0,1.03,14.03
79,PH2,0,IMD050.bmp,2.75,98.41,6.29,7.89,8.47,7.75,72.71,1053.0,0.01,0.73,1.38,1.17,177.0,1.38,3.0,1.0,3.0,9.33,57.48,378.0,387.26,3.46,0,0,0.02,0.0
80,PH2,0,IMD057.bmp,0.54,97.27,15.82,14.37,17.42,100.0,78.49,1536.0,0.01,0.79,1.27,1.13,269.0,1.03,2.0,2.0,7.0,9.51,59.69,572.0,549.84,8.76,0,1,4.11,6.41
81,PH2,0,IMD075.bmp,7.0,89.85,16.75,18.22,19.68,15.2,64.36,1165.0,0.01,0.64,1.55,1.25,193.0,1.29,3.0,3.0,4.0,10.33,68.52,426.0,420.01,4.12,0,0,2.48,0.01
82,PH2,0,IMD076.bmp,15.88,89.38,11.84,30.91,44.72,91.4,37.5,2087.0,0.01,0.38,2.67,1.63,259.0,0.81,3.0,2.0,4.0,9.27,61.47,640.0,725.09,9.23,0,0,0.29,0.0
83,PH2,0,IMD078.bmp,3.31,88.61,4.69,10.5,12.36,8.8,71.23,1190.0,0.01,0.71,1.4,1.18,173.0,1.26,2.0,3.0,3.0,10.33,66.24,440.0,432.58,3.52,0,1,2.9,10.97
84,PH2,0,IMD092.bmp,1.88,93.79,5.52,4.51,6.65,4.12,86.22,431.0,0.03,0.87,1.16,1.08,62.0,2.89,4.0,1.0,3.0,10.24,71.72,160.0,156.57,0.45,0,0,1.11,0.0
85,PH2,0,IMD101.bmp,1.66,92.47,12.09,15.16,20.33,99.86,65.41,1918.0,0.01,0.65,1.53,1.24,296.0,0.85,4.0,1.0,3.0,8.78,58.3,638.0,690.15,8.43,0,0,1.21,0.0
86,PH2,0,IMD103.bmp,1.91,94.66,5.8,8.03,12.91,7.1,80.2,721.0,0.02,0.81,1.25,1.12,115.0,1.9,3.0,0.0,2.0,9.8,64.26,272.0,262.86,1.61,1,0,0.05,0.0
87,PH2,0,IMD105.bmp,7.4,87.35,3.88,15.65,27.21,100.0,51.99,1478.0,0.02,0.52,1.92,1.39,165.0,1.1,3.0,0.0,2.0,9.72,52.91,486.0,506.06,6.4,1,1,0.0,0.0
88,PH2,0,IMD107.bmp,3.74,92.94,5.03,8.46,26.78,8.72,72.63,889.0,0.02,0.73,1.38,1.17,128.0,1.59,2.0,0.0,2.0,9.76,62.48,368.0,325.3,2.35,1,0,0.04,0.0
89,PH2,0,IMD108.bmp,4.96,93.38,4.08,9.05,9.74,9.21,62.96,934.0,0.02,0.63,1.59,1.26,149.0,1.53,2.0,0.0,1.0,9.46,54.24,310.0,340.28,1.78,0,0,0.0,0.0
90,PH2,0,IMD112.bmp,3.32,94.33,0.91,10.51,11.72,8.06,57.68,1550.0,0.01,0.58,1.73,1.32,254.0,1.02,2.0,1.0,2.0,9.58,55.93,550.0,558.25,9.28,0,0,0.0,0.0
91,PH2,0,IMD118.bmp,3.27,94.39,5.81,8.57,11.72,7.57,73.14,996.0,0.02,0.73,1.37,1.17,166.0,1.48,2.0,2.0,3.0,9.83,68.86,356.0,352.64,2.75,0,0,1.94,0.0
92,PH2,0,IMD120.bmp,2.62,96.71,7.33,12.24,15.17,8.62,66.13,1383.0,0.01,0.66,1.51,1.23,216.0,1.11,4.0,1.0,3.0,10.15,66.24,550.0,503.11,4.47,0,0,0.82,0.0
93,PH2,0,IMD125.bmp,2.25,93.95,4.68,6.85,28.71,7.04,71.91,953.0,0.02,0.73,1.39,1.18,139.0,1.51,2.0,0.0,2.0,9.56,63.89,386.0,345.67,2.36,0,0,0.9,0.0
94,PH2,0,IMD126.bmp,2.94,98.76,9.78,14.46,25.58,14.05,65.4,1327.0,0.01,0.66,1.53,1.24,217.0,1.14,4.0,3.0,3.0,10.17,67.39,508.0,488.45,5.13,0,0,0.19,0.0
95,PH2,0,IMD132.bmp,5.3,95.4,8.2,9.58,52.24,9.39,61.8,734.0,0.02,0.62,1.62,1.27,112.0,1.9,2.0,1.0,2.0,9.98,63.69,312.0,262.91,1.14,0,1,0.06,0.0
96,PH2,0,IMD133.bmp,3.46,85.62,4.12,9.69,10.59,8.73,72.98,841.0,0.02,0.73,1.37,1.17,128.0,1.65,2.0,0.0,2.0,9.88,65.21,356.0,311.08,1.19,0,0,0.01,0.0
97,PH2,0,IMD134.bmp,3.11,90.11,5.08,10.86,7.36,6.82,78.8,850.0,0.02,0.79,1.27,1.13,118.0,1.64,2.0,0.0,2.0,10.07,64.48,342.0,314.6,2.71,0,0,0.14,0.0
98,PH2,0,IMD135.bmp,0.06,93.55,3.99,6.57,11.63,99.87,74.31,1695.0,0.01,0.74,1.35,1.16,254.0,0.94,3.0,1.0,2.0,9.3,61.37,594.0,612.71,11.32,0,0,2.39,0.0
99,PH2,0,IMD137.bmp,3.12,92.63,5.59,9.25,10.58,9.09,56.24,1128.0,0.02,0.57,1.78,1.33,175.0,1.33,4.0,1.0,4.0,9.95,61.5,364.0,403.35,4.59,1,0,0.36,0.0
100,PH2,0,IMD138.bmp,3.27,95.73,7.33,12.31,14.57,100.0,66.37,1224.0,0.01,0.67,1.51,1.23,163.0,1.22,3.0,0.0,1.0,10.1,67.31,496.0,451.84,7.9,0,0,3.14,0.0
101,PH2,0,IMD139.bmp,2.0,91.69,11.55,9.06,14.76,6.25,77.75,777.0,0.02,0.78,1.29,1.13,122.0,1.81,3.0,3.0,4.0,10.28,68.15,300.0,279.1,2.35,0,0,2.99,0.02
102,PH2,0,IMD140.bmp,2.82,93.42,8.93,8.28,14.24,8.78,79.15,768.0,0.02,0.79,1.26,1.12,95.0,1.75,5.0,3.0,5.0,10.46,67.72,312.0,290.61,2.34,0,0,2.14,0.02
103,PH2,0,IMD142.bmp,1.28,96.65,4.97,6.62,11.67,4.82,85.05,870.0,0.01,0.85,1.18,1.08,108.0,1.62,3.0,0.0,2.0,9.78,66.26,338.0,320.18,3.12,0,0,0.19,0.0
104,PH2,0,IMD143.bmp,2.24,96.46,8.88,5.36,9.81,4.52,83.93,548.0,0.02,0.85,1.19,1.09,74.0,2.36,2.0,1.0,2.0,10.35,69.3,202.0,201.59,0.83,0,1,0.06,0.0
105,PH2,0,IMD144.bmp,62.51,82.11,16.72,23.18,30.05,83.5,16.09,1404.0,0.05,0.16,6.21,2.49,92.0,1.16,2.0,2.0,5.0,10.47,66.58,592.0,472.75,5.91,0,0,0.05,2.55
106,PH2,0,IMD146.bmp,1.59,94.19,8.8,6.11,21.6,6.57,79.12,864.0,0.02,0.79,1.26,1.12,150.0,1.64,3.0,3.0,3.0,10.45,70.58,338.0,316.42,1.95,0,0,1.1,0.0
107,PH2,0,IMD147.bmp,2.83,91.49,10.54,17.22,21.74,15.13,58.56,1804.0,0.01,0.59,1.71,1.31,310.0,0.9,4.0,1.0,3.0,9.14,58.72,610.0,644.9,7.23,0,0,0.08,0.0
108,PH2,0,IMD149.bmp,1.65,96.14,8.4,12.22,11.65,10.8,81.53,1396.0,0.01,0.82,1.23,1.11,191.0,1.08,2.0,4.0,6.0,9.68,62.27,520.0,521.62,6.07,0,1,3.25,0.0
109,PH2,0,IMD150.bmp,0.63,96.1,4.96,7.2,7.32,5.55,75.43,1492.0,0.01,0.76,1.33,1.15,223.0,1.03,3.0,3.0,4.0,10.08,66.2,534.0,551.92,5.13,1,1,3.73,0.0
110,PH2,0,IMD152.bmp,2.18,93.38,15.05,7.79,12.46,7.76,58.24,1661.0,0.01,0.58,1.72,1.31,283.0,0.96,3.0,3.0,4.0,9.56,65.73,536.0,594.24,5.53,0,0,1.42,0.0
111,PH2,0,IMD153.bmp,3.65,92.87,8.26,11.52,16.42,100.0,64.56,1677.0,0.01,0.65,1.55,1.24,251.0,0.94,4.0,2.0,3.0,9.52,59.52,594.0,613.84,9.63,0,1,1.03,0.0
112,PH2,0,IMD154.bmp,0.66,93.19,8.54,9.53,19.92,8.7,69.8,1859.0,0.01,0.7,1.43,1.2,237.0,0.87,4.0,0.0,3.0,9.97,68.97,664.0,668.34,7.94,0,0,1.51,0.0
113,PH2,0,IMD155.bmp,1.32,98.06,5.78,3.87,9.46,2.81,70.18,1612.0,0.01,0.7,1.42,1.19,244.0,0.97,1.0,1.0,2.0,9.05,56.85,602.0,591.17,4.97,0,0,1.23,0.0
114,PH2,0,IMD156.bmp,4.17,96.64,11.39,17.34,18.82,7.31,79.05,622.0,0.02,0.8,1.27,1.12,102.0,2.13,4.0,1.0,3.0,9.38,56.42,238.0,227.0,1.61,0,0,0.0,0.0
115,PH2,0,IMD157.bmp,4.88,96.58,9.29,12.79,13.09,11.26,65.96,1301.0,0.01,0.66,1.52,1.23,174.0,1.15,1.0,0.0,2.0,9.68,67.02,470.0,480.18,3.95,0,0,2.59,0.0
116,PH2,0,IMD159.bmp,0.94,94.19,3.21,4.54,7.85,100.0,76.25,1352.0,0.01,0.77,1.31,1.15,229.0,1.13,3.0,0.0,2.0,8.18,52.2,516.0,491.01,7.38,0,0,0.47,0.0
117,PH2,0,IMD160.bmp,3.17,93.01,6.04,11.27,11.35,11.33,66.2,1752.0,0.01,0.67,1.51,1.23,271.0,0.9,3.0,2.0,2.0,8.87,57.83,630.0,643.91,5.75,0,0,0.08,0.0
118,PH2,0,IMD161.bmp,3.05,92.75,5.32,10.39,17.43,8.05,68.45,1685.0,0.01,0.68,1.46,1.21,265.0,0.94,2.0,1.0,2.0,9.35,60.44,666.0,616.12,10.23,0,0,0.05,0.0
119,PH2,0,IMD162.bmp,6.03,98.68,4.28,12.06,18.64,12.4,70.35,928.0,0.02,0.71,1.42,1.19,131.0,1.54,2.0,0.0,2.0,9.86,66.29,338.0,337.58,2.48,0,1,0.2,0.0
120,PH2,0,IMD164.bmp,1.93,97.74,4.53,6.9,8.15,6.3,77.05,1144.0,0.01,0.78,1.3,1.14,172.0,1.28,3.0,0.0,2.0,9.42,64.28,442.0,423.48,4.85,0,0,3.87,0.0
121,PH2,0,IMD166.bmp,1.12,91.35,10.64,10.9,15.07,10.74,68.31,1689.0,0.01,0.69,1.46,1.21,280.0,0.94,3.0,0.0,2.0,9.29,59.73,626.0,613.97,4.31,1,0,0.48,0.0
122,PH2,0,IMD169.bmp,1.61,97.99,10.77,12.71,13.78,12.61,80.88,1103.0,0.01,0.81,1.24,1.11,157.0,1.32,3.0,3.0,6.0,9.86,64.01,422.0,407.4,4.41,0,0,2.14,1.84
123,PH2,0,IMD170.bmp,7.22,84.56,10.52,15.33,17.14,14.49,44.42,2033.0,0.01,0.44,2.25,1.5,313.0,0.8,2.0,1.0,3.0,9.52,66.61,672.0,736.39,8.99,0,0,0.61,0.0
124,PH2,0,IMD171.bmp,1.19,98.06,9.52,9.0,10.96,7.29,83.51,885.0,0.02,0.84,1.2,1.09,138.0,1.63,3.0,2.0,5.0,10.3,66.27,324.0,315.59,2.05,0,0,4.6,0.18
125,PH2,0,IMD173.bmp,0.77,95.96,3.33,4.49,14.7,3.96,81.15,1144.0,0.01,0.81,1.23,1.11,164.0,1.29,3.0,0.0,2.0,10.11,65.85,448.0,420.58,3.69,0,0,3.14,0.0
126,PH2,0,IMD175.bmp,0.98,97.83,6.5,4.78,11.88,4.38,81.28,1081.0,0.01,0.82,1.23,1.11,167.0,1.35,2.0,0.0,2.0,9.98,65.99,410.0,399.6,3.57,0,0,0.06,0.0
127,PH2,0,IMD176.bmp,1.29,91.14,4.77,6.72,13.67,6.23,81.47,1291.0,0.01,0.82,1.23,1.11,219.0,1.16,3.0,0.0,2.0,9.82,65.84,482.0,478.58,4.16,1,0,0.07,0.0
128,PH2,0,IMD177.bmp,2.33,96.7,4.58,4.34,5.08,4.22,75.33,920.0,0.02,0.76,1.33,1.15,156.0,1.54,3.0,0.0,2.0,9.84,66.12,362.0,338.46,2.11,0,0,0.65,0.0
129,PH2,0,IMD182.bmp,1.74,92.15,0.66,5.56,16.81,4.05,68.78,1330.0,0.01,0.69,1.45,1.21,222.0,1.15,4.0,1.0,2.0,9.46,62.98,478.0,483.21,3.85,1,1,0.2,0.0
130,PH2,0,IMD196.bmp,10.34,97.63,7.91,23.16,20.5,18.18,60.27,771.0,0.02,0.61,1.66,1.29,127.0,1.82,2.0,0.0,1.0,8.82,62.9,266.0,278.77,0.89,0,1,0.32,0.0
131,PH2,0,IMD197.bmp,2.73,94.46,5.37,11.8,14.14,10.06,64.47,1247.0,0.01,0.64,1.55,1.25,188.0,1.21,3.0,3.0,4.0,9.9,66.63,510.0,454.02,2.62,1,1,1.69,0.0
132,PH2,0,IMD198.bmp,7.86,84.69,0.87,14.86,36.82,100.0,53.28,1479.0,0.01,0.53,1.88,1.37,177.0,1.09,3.0,1.0,2.0,10.28,54.78,524.0,512.58,8.62,1,1,0.01,0.0
133,PH2,0,IMD199.bmp,1.36,96.04,12.28,14.86,15.05,15.45,67.92,1094.0,0.01,0.68,1.47,1.21,156.0,1.34,3.0,0.0,1.0,9.01,58.53,366.0,402.03,3.19,0,0,0.26,0.0
134,PH2,0,IMD200.bmp,2.4,90.93,9.15,11.73,10.3,10.63,59.92,1119.0,0.02,0.6,1.67,1.29,165.0,1.32,3.0,0.0,1.0,8.92,60.88,364.0,406.95,2.61,0,0,1.8,0.0
135,PH2,0,IMD203.bmp,2.06,95.36,4.81,5.04,32.85,5.52,73.85,793.0,0.02,0.74,1.35,1.16,150.0,1.75,5.0,1.0,2.0,10.1,68.13,328.0,288.15,1.94,1,1,2.02,0.0
136,PH2,0,IMD204.bmp,1.18,98.93,4.41,2.18,5.91,2.51,87.56,527.0,0.02,0.89,1.14,1.07,79.0,2.48,4.0,1.0,2.0,10.5,69.07,186.0,189.24,0.71,1,1,1.08,0.0
137,PH2,0,IMD206.bmp,0.91,96.82,6.88,8.68,7.53,5.6,86.02,721.0,0.02,0.87,1.16,1.08,110.0,1.9,4.0,2.0,4.0,10.32,68.44,280.0,263.12,2.33,1,1,1.84,0.0
138,PH2,0,IMD207.bmp,1.06,91.34,5.72,6.25,6.02,6.31,78.14,1026.0,0.01,0.78,1.28,1.13,148.0,1.42,5.0,0.0,2.0,9.98,63.79,394.0,374.05,5.3,1,0,0.84,0.0
139,PH2,0,IMD208.bmp,2.31,92.32,5.73,8.74,13.04,9.05,79.14,1136.0,0.01,0.79,1.26,1.12,146.0,1.29,2.0,1.0,5.0,9.63,60.09,432.0,418.03,3.28,0,0,0.28,0.0
140,PH2,0,IMD210.bmp,4.54,97.9,8.95,14.94,15.01,14.55,62.1,1424.0,0.01,0.63,1.61,1.27,198.0,1.09,2.0,2.0,6.0,10.35,69.28,476.0,515.77,6.39,0,0,2.42,11.99
141,PH2,0,IMD226.bmp,2.63,95.17,8.3,12.66,12.81,10.76,57.37,1442.0,0.01,0.57,1.74,1.32,231.0,1.09,4.0,1.0,3.0,9.78,60.41,462.0,512.53,3.79,0,0,0.76,0.0
142,PH2,0,IMD243.bmp,1.23,89.61,3.32,6.66,5.04,4.87,76.96,1293.0,0.01,0.77,1.3,1.14,163.0,1.15,4.0,3.0,5.0,10.14,69.09,522.0,483.17,5.71,0,0,2.96,0.19
143,PH2,0,IMD251.bmp,4.56,98.46,31.33,21.78,30.88,100.0,42.23,2920.0,0.01,0.42,2.37,1.54,293.0,0.63,3.0,3.0,4.0,7.93,51.74,792.0,983.52,10.12,0,1,0.54,0.0
144,PH2,0,IMD254.bmp,7.34,95.28,12.39,19.4,16.94,100.0,58.38,1706.0,0.01,0.59,1.71,1.31,242.0,0.93,4.0,1.0,4.0,9.5,55.38,576.0,619.77,6.67,0,0,0.04,0.0
145,PH2,0,IMD256.bmp,5.76,91.81,14.76,17.73,17.06,15.77,63.43,1176.0,0.01,0.64,1.58,1.26,193.0,1.27,4.0,3.0,5.0,10.13,69.33,426.0,428.92,5.22,0,0,1.26,0.15
146,PH2,0,IMD278.bmp,2.6,98.27,6.76,8.36,10.63,5.85,79.33,725.0,0.02,0.8,1.26,1.12,124.0,1.89,3.0,0.0,1.0,9.62,64.99,256.0,264.92,1.1,0,0,2.13,0.0
147,PH2,0,IMD279.bmp,2.64,97.74,6.19,7.77,8.51,6.85,79.47,778.0,0.02,0.8,1.26,1.12,108.0,1.76,3.0,0.0,1.0,9.6,64.61,278.0,286.94,1.61,0,0,3.87,0.0
148,PH2,0,IMD280.bmp,3.1,100.0,6.0,7.63,7.16,6.68,78.49,735.0,0.02,0.79,1.27,1.13,117.0,1.84,4.0,0.0,1.0,9.59,65.56,268.0,274.44,1.58,0,0,0.0,0.0
149,PH2,0,IMD304.bmp,4.86,84.85,10.47,18.45,23.7,17.33,62.9,1014.0,0.02,0.63,1.59,1.26,135.0,1.45,2.0,1.0,3.0,9.56,67.3,392.0,366.8,1.65,1,0,2.54,0.0
150,PH2,0,IMD305.bmp,7.75,93.32,9.66,13.58,20.21,12.89,52.59,1336.0,0.02,0.53,1.9,1.38,191.0,1.15,4.0,0.0,3.0,9.68,66.48,432.0,484.07,3.76,0,0,1.33,0.0
151,PH2,0,IMD306.bmp,2.77,92.77,8.17,10.99,17.96,6.85,78.96,719.0,0.02,0.8,1.27,1.13,105.0,1.89,2.0,1.0,4.0,10.37,68.46,280.0,263.8,1.06,0,0,2.73,0.0
152,PH2,0,IMD312.bmp,2.21,94.98,7.01,14.19,16.61,7.35,79.89,976.0,0.01,0.8,1.25,1.12,147.0,1.47,4.0,3.0,3.0,9.86,64.95,366.0,360.51,2.21,1,0,0.83,0.01
153,PH2,0,IMD328.bmp,3.97,94.26,13.17,14.46,19.52,13.72,76.11,624.0,0.02,0.77,1.31,1.15,99.0,2.16,3.0,2.0,6.0,10.35,73.2,252.0,223.41,1.13,0,0,1.88,0.84
154,PH2,0,IMD331.bmp,1.89,91.76,5.29,8.3,18.73,6.85,77.97,751.0,0.02,0.79,1.28,1.13,99.0,1.8,2.0,2.0,5.0,10.26,68.57,276.0,279.53,1.68,0,1,3.89,5.01
155,PH2,0,IMD339.bmp,1.13,96.05,6.78,5.61,7.29,5.79,79.72,903.0,0.02,0.8,1.25,1.12,145.0,1.57,3.0,0.0,2.0,10.26,70.14,318.0,331.08,3.05,0,0,0.74,0.0
156,PH2,0,IMD347.bmp,0.41,89.75,6.95,10.61,11.16,10.91,59.97,1931.0,0.01,0.6,1.67,1.29,284.0,0.84,2.0,2.0,5.0,8.96,57.76,648.0,693.37,6.04,0,0,1.16,0.69
157,PH2,0,IMD356.bmp,1.93,97.18,7.84,7.78,19.72,7.52,74.37,1047.0,0.01,0.75,1.34,1.16,162.0,1.38,4.0,3.0,3.0,9.75,63.44,448.0,389.57,4.53,0,0,0.0,0.0
158,PH2,0,IMD360.bmp,1.82,98.38,4.65,5.59,16.28,5.43,74.56,868.0,0.02,0.75,1.34,1.16,121.0,1.59,3.0,4.0,4.0,10.32,65.76,370.0,323.49,1.11,1,1,2.03,0.07
159,PH2,0,IMD364.bmp,2.47,94.4,5.89,9.96,18.79,7.4,79.18,693.0,0.02,0.8,1.26,1.12,96.0,1.95,3.0,0.0,2.0,9.83,64.06,252.0,253.95,1.5,0,0,0.46,0.0
160,PH2,0,IMD365.bmp,3.75,90.59,5.38,10.28,15.66,10.74,73.54,798.0,0.02,0.74,1.36,1.17,108.0,1.72,2.0,0.0,2.0,9.92,66.33,304.0,297.52,1.97,0,0,0.28,0.0
161,PH2,0,IMD367.bmp,37.71,76.5,0.83,30.03,52.76,99.69,18.69,3045.0,0.02,0.19,5.35,2.31,333.0,0.59,3.0,3.0,5.0,9.68,64.39,806.0,1056.41,7.21,0,1,0.13,1.43
162,PH2,0,IMD368.bmp,12.28,74.32,2.16,11.35,12.46,10.82,45.16,1282.0,0.02,0.45,2.21,1.49,189.0,1.2,2.0,2.0,1.0,10.02,62.11,462.0,461.34,4.23,0,1,0.9,0.0
163,PH2,0,IMD369.bmp,2.03,97.19,7.39,10.41,39.52,9.51,72.49,1214.0,0.01,0.73,1.38,1.17,212.0,1.25,5.0,4.0,6.0,10.15,62.67,502.0,434.95,2.99,1,0,2.32,0.22
164,PH2,0,IMD370.bmp,3.25,95.55,6.0,15.34,13.27,12.42,69.15,1306.0,0.01,0.7,1.45,1.2,201.0,1.15,4.0,2.0,2.0,10.02,66.02,448.0,479.53,4.32,0,0,0.27,0.0
165,PH2,0,IMD371.bmp,3.31,93.74,10.77,10.45,15.18,100.0,67.87,1630.0,0.01,0.68,1.47,1.21,244.0,0.96,2.0,1.0,2.0,9.69,67.41,570.0,593.47,8.75,0,0,2.64,0.0
166,PH2,0,IMD372.bmp,5.64,91.58,5.26,16.34,12.24,11.21,56.38,1076.0,0.02,0.57,1.77,1.33,161.0,1.37,4.0,2.0,5.0,10.05,64.94,362.0,390.49,2.17,1,1,2.03,0.0
167,PH2,0,IMD374.bmp,5.35,86.96,7.72,10.88,20.68,6.01,76.21,676.0,0.02,0.77,1.31,1.15,101.0,1.97,3.0,0.0,1.0,9.88,67.91,252.0,250.78,1.17,0,0,2.29,0.0
168,PH2,0,IMD375.bmp,1.55,100.0,5.85,7.38,9.57,6.17,83.14,802.0,0.02,0.83,1.2,1.1,137.0,1.74,4.0,0.0,2.0,9.78,66.8,292.0,292.2,2.04,1,1,0.46,0.0
169,PH2,0,IMD376.bmp,3.61,95.93,8.46,13.64,15.35,13.59,74.71,920.0,0.02,0.75,1.34,1.16,124.0,1.55,3.0,3.0,4.0,10.07,68.69,328.0,334.77,2.94,0,0,2.29,0.01
170,PH2,0,IMD378.bmp,1.03,96.86,2.63,5.97,7.14,5.76,68.48,1517.0,0.01,0.69,1.46,1.21,236.0,1.02,3.0,2.0,4.0,10.2,67.69,540.0,555.0,4.97,1,1,1.17,0.0
171,PH2,0,IMD379.bmp,3.18,97.33,5.52,7.77,13.14,6.99,75.77,1060.0,0.01,0.77,1.32,1.15,147.0,1.38,3.0,0.0,2.0,9.84,69.54,380.0,385.93,2.7,0,0,1.5,0.0
172,PH2,0,IMD380.bmp,1.72,94.54,5.24,6.5,15.52,3.6,82.07,889.0,0.01,0.83,1.22,1.1,126.0,1.59,2.0,1.0,2.0,10.28,66.29,336.0,327.41,2.5,0,0,0.77,0.0
173,PH2,0,IMD381.bmp,1.96,94.17,6.86,8.79,12.5,8.08,72.71,1344.0,0.01,0.73,1.38,1.17,208.0,1.13,4.0,0.0,1.0,9.37,63.82,508.0,493.21,6.3,0,0,0.01,0.0
174,PH2,0,IMD382.bmp,1.2,95.67,10.33,9.06,29.49,8.87,77.37,1183.0,0.01,0.78,1.29,1.14,203.0,1.26,4.0,4.0,3.0,9.86,61.97,474.0,429.43,2.63,1,1,0.89,0.0
175,PH2,0,IMD383.bmp,1.65,97.53,6.42,5.91,6.06,5.86,84.07,653.0,0.02,0.84,1.19,1.09,104.0,2.04,2.0,0.0,2.0,9.43,61.62,242.0,242.27,1.41,0,0,0.0,0.0
176,PH2,0,IMD384.bmp,6.07,84.97,8.1,11.81,11.45,6.54,74.22,851.0,0.02,0.75,1.35,1.16,125.0,1.64,3.0,0.0,1.0,9.94,68.31,344.0,317.16,1.75,0,0,1.55,0.0
177,PH2,0,IMD385.bmp,0.95,97.72,5.51,6.6,19.32,5.77,78.54,1038.0,0.01,0.79,1.27,1.13,133.0,1.38,4.0,3.0,4.0,10.18,67.56,446.0,388.16,1.8,1,1,0.3,0.0
178,PH2,0,IMD386.bmp,1.86,94.13,7.49,8.98,14.46,10.24,78.69,827.0,0.02,0.79,1.27,1.13,121.0,1.7,3.0,3.0,4.0,10.22,70.55,304.0,299.5,1.92,0,0,3.28,0.12
179,PH2,0,IMD388.bmp,2.7,88.37,7.96,11.3,12.12,10.24,60.5,1556.0,0.01,0.61,1.65,1.29,230.0,1.0,3.0,0.0,1.0,9.6,64.11,538.0,572.55,4.35,0,0,2.35,0.0
180,PH2,0,IMD389.bmp,1.48,97.76,5.98,10.02,10.85,100.0,69.93,1690.0,0.01,0.7,1.43,1.2,238.0,0.93,1.0,1.0,1.0,9.61,63.33,598.0,626.55,9.08,1,0,4.36,0.0
181,PH2,0,IMD390.bmp,3.17,91.05,5.0,13.45,11.33,11.73,76.73,929.0,0.02,0.77,1.3,1.14,145.0,1.54,2.0,0.0,2.0,9.77,58.07,340.0,340.67,1.71,0,0,0.0,0.0
182,PH2,0,IMD392.bmp,2.32,93.14,2.03,3.61,8.31,3.56,75.69,879.0,0.02,0.77,1.32,1.15,141.0,1.62,4.0,0.0,1.0,9.93,66.13,320.0,319.74,1.79,0,1,0.03,0.0
183,PH2,0,IMD393.bmp,1.61,93.38,10.09,20.43,29.08,100.0,37.6,2433.0,0.01,0.38,2.66,1.63,297.0,0.7,2.0,3.0,4.0,9.68,64.32,772.0,866.61,10.83,0,1,2.94,0.16
184,PH2,0,IMD394.bmp,4.31,92.96,4.45,13.77,23.49,7.99,74.1,1044.0,0.01,0.74,1.35,1.16,174.0,1.41,3.0,3.0,4.0,10.29,68.54,368.0,376.35,2.19,1,1,2.88,0.04
185,PH2,0,IMD395.bmp,1.15,96.44,4.1,5.32,6.78,3.33,83.86,1271.0,0.01,0.84,1.19,1.09,195.0,1.18,4.0,2.0,3.0,10.06,68.97,476.0,467.73,4.56,0,0,1.45,0.0
186,PH2,0,IMD396.bmp,9.47,81.66,20.09,26.82,16.5,6.85,56.2,1173.0,0.02,0.56,1.78,1.33,153.0,1.27,2.0,1.0,3.0,10.11,65.89,490.0,429.15,5.23,0,0,4.57,0.0
187,PH2,0,IMD397.bmp,5.34,90.11,8.47,12.31,16.51,10.96,59.06,1456.0,0.01,0.59,1.69,1.3,219.0,1.06,1.0,2.0,4.0,9.51,64.23,538.0,535.45,3.39,0,0,0.21,0.0
188,PH2,0,IMD398.bmp,4.43,96.5,7.99,13.01,16.23,12.25,51.2,2072.0,0.01,0.51,1.95,1.4,308.0,0.78,2.0,3.0,4.0,9.89,66.21,686.0,760.8,7.36,1,1,0.47,0.0
189,PH2,0,IMD399.bmp,2.29,98.84,9.8,9.4,19.48,7.84,76.91,1015.0,0.01,0.77,1.3,1.14,182.0,1.44,2.0,2.0,5.0,9.6,63.99,384.0,368.04,1.84,0,0,2.09,0.08
190,PH2,0,IMD400.bmp,1.15,96.54,7.36,9.93,9.43,9.07,72.61,1524.0,0.01,0.73,1.38,1.17,228.0,1.02,1.0,2.0,4.0,9.84,65.56,522.0,559.2,5.7,0,1,0.31,0.0
191,PH2,0,IMD402.bmp,3.13,95.16,4.74,11.24,15.07,8.42,74.98,1131.0,0.01,0.75,1.33,1.15,172.0,1.31,2.0,2.0,6.0,10.06,66.37,414.0,410.24,3.81,0,0,1.46,1.44
192,PH2,0,IMD427.bmp,2.63,95.63,4.65,10.07,9.13,8.01,79.69,1272.0,0.01,0.8,1.25,1.12,169.0,1.17,3.0,2.0,6.0,9.88,64.68,466.0,474.77,4.75,0,0,1.62,1.36
193,PH2,0,IMD430.bmp,1.18,91.81,9.0,10.04,10.25,9.71,79.34,1006.0,0.01,0.79,1.26,1.12,160.0,1.44,2.0,3.0,3.0,10.33,67.47,408.0,366.1,2.82,0,0,2.37,0.0
194,PH2,0,IMD431.bmp,2.99,90.28,6.02,6.42,18.94,6.53,71.51,1488.0,0.01,0.72,1.4,1.18,285.0,1.04,3.0,1.0,3.0,9.89,67.37,570.0,544.84,3.67,1,0,3.19,0.0
195,PH2,0,IMD432.bmp,5.05,89.6,8.39,17.18,16.64,13.3,57.5,1162.0,0.02,0.58,1.74,1.32,139.0,1.26,3.0,1.0,4.0,10.18,67.31,394.0,430.79,2.82,0,0,1.06,0.0
196,PH2,0,IMD433.bmp,4.21,89.23,7.84,14.36,32.19,8.73,67.69,880.0,0.02,0.69,1.48,1.22,152.0,1.61,4.0,2.0,3.0,10.42,65.47,382.0,319.93,1.98,0,0,0.63,0.0
197,PH2,0,IMD434.bmp,6.87,90.48,6.66,9.27,18.08,9.75,63.11,1123.0,0.02,0.63,1.58,1.26,166.0,1.31,3.0,2.0,3.0,9.89,65.87,418.0,412.18,2.81,0,0,1.91,0.0
198,PH2,0,IMD436.bmp,5.71,88.45,8.97,14.16,28.15,10.03,61.87,1774.0,0.01,0.62,1.62,1.27,282.0,0.89,4.0,2.0,2.0,9.99,67.86,692.0,660.14,11.61,1,1,0.05,0.0
199,PH2,0,IMD437.bmp,0.68,93.94,5.25,5.77,7.83,6.03,79.43,1556.0,0.01,0.8,1.26,1.12,212.0,0.99,3.0,3.0,5.0,9.83,63.82,560.0,579.15,6.84,0,1,1.3,1.36